{"cameraMode":{"drawMode":0,"name":"Shaded","section":"Shading Mode"},"sceneLighting":true,"audioPlay":false,"sceneViewState":{"m_AlwaysRefresh":false,"showFog":true,"showSkybox":false,"showFlares":true,"showImageEffects":true,"showParticleSystems":true,"showVisualEffectGraphs":true,"m_FxEnabled":true},"in2DMode":false,"pivot":{"x":0.2902345657348633,"y":23.624530792236329,"z":23.722564697265626},"rotation":{"x":0.09464999288320542,"y":0.02303273417055607,"z":-0.002265369985252619,"w":0.9953582882881165},"size":79.09246063232422,"orthographic":false}