{"count":1,"self":29.3631712,"total":31.326692299999998,"children":{"InitializeActuators":{"count":4,"self":0.0040013,"total":0.0040013,"children":null},"InitializeSensors":{"count":4,"self":0.0020001,"total":0.0020001,"children":null},"AgentSendState":{"count":1473,"self":0.0099148999999999991,"total":0.059781299999999996,"children":{"CollectObservations":{"count":1180,"self":0.0089968,"total":0.0089968,"children":null},"WriteActionMask":{"count":1180,"self":0,"total":0,"children":null},"RequestDecision":{"count":1180,"self":0.01992,"total":0.0408696,"children":{"AgentInfo.ToProto":{"count":1180,"self":0.0080033999999999991,"total":0.0209496,"children":{"GenerateSensorData":{"count":1180,"self":0.0129462,"total":0.0129462,"children":null}}}}}}},"DecideAction":{"count":1473,"self":1.8588711999999998,"total":1.8588711999999998,"children":null},"AgentAct":{"count":1473,"self":0.032876999999999997,"total":0.032876999999999997,"children":null},"AgentInfo.ToProto":{"count":133,"self":0.0010017,"total":0.0049888,"children":{"GenerateSensorData":{"count":133,"self":0.0039870999999999995,"total":0.0039870999999999995,"children":null}}}},"gauges":{"davinci3d.CumulativeReward":{"count":133,"max":123.696564,"min":0.47323826,"runningAverage":9.02429,"value":0.508533061,"weightedAverage":1.86965573}},"metadata":{"timer_format_version":"0.1.0","start_time_seconds":"1673632344","unity_version":"2021.3.15f1","command_line_arguments":"C:\\Program Files\\Unity\\Hub\\Editor\\2021.3.15f1\\Editor\\Unity.exe -projectpath C:\/Users\/User\/FANKE\/rl_20221129 -useHub -hubIPC -cloudEnvironment production","communication_protocol_version":"1.5.0","com.unity.ml-agents_version":"2.3.0-exp.4","scene_name":"3d_dis","end_time_seconds":"1673632376"}}