{"count":1,"self":13.771763199999999,"total":14.762481999999999,"children":{"InitializeActuators":{"count":4,"self":0.0029982999999999998,"total":0.0029982999999999998,"children":null},"InitializeSensors":{"count":4,"self":0.0020001,"total":0.0020001,"children":null},"AgentSendState":{"count":663,"self":0.0079991,"total":0.039996899999999995,"children":{"CollectObservations":{"count":532,"self":0.0040012,"total":0.0040012,"children":null},"WriteActionMask":{"count":532,"self":0.0009987,"total":0.0009987,"children":null},"RequestDecision":{"count":532,"self":0.0140007,"total":0.0269979,"children":{"AgentInfo.ToProto":{"count":532,"self":0.0019992,"total":0.012997199999999999,"children":{"GenerateSensorData":{"count":532,"self":0.010997999999999999,"total":0.010997999999999999,"children":null}}}}}}},"DecideAction":{"count":663,"self":0.93672669999999991,"total":0.93672669999999991,"children":null},"AgentAct":{"count":663,"self":0.0069987999999999995,"total":0.0069987999999999995,"children":null},"AgentInfo.ToProto":{"count":16,"self":0,"total":0,"children":{"GenerateSensorData":{"count":16,"self":0,"total":0,"children":null}}}},"gauges":{"davinci13.CumulativeReward":{"count":16,"max":47.5551262,"min":44.6183319,"runningAverage":45.2216644,"value":45.0490036,"weightedAverage":45.1336555}},"metadata":{"timer_format_version":"0.1.0","start_time_seconds":"1673524868","unity_version":"2021.2.19f1","command_line_arguments":"C:\\Program Files\\Unity\\Hub\\Editor\\2021.2.19f1\\Editor\\Unity.exe -projectpath C:\/Users\/User\/FANKE\/rl_20221129 -useHub -hubIPC -cloudEnvironment production","communication_protocol_version":"1.5.0","com.unity.ml-agents_version":"2.3.0-exp.4","scene_name":"simple","end_time_seconds":"1673524883"}}