{"cameraMode":{"drawMode":0,"name":"Shaded","section":"Shading Mode"},"sceneLighting":true,"audioPlay":false,"sceneViewState":{"m_AlwaysRefresh":false,"showFog":true,"showSkybox":true,"showFlares":true,"showImageEffects":true,"showParticleSystems":true,"showVisualEffectGraphs":true,"m_FxEnabled":true},"in2DMode":false,"pivot":{"x":14.063413619995118,"y":15.591104507446289,"z":-1.424781322479248},"rotation":{"x":0.16967004537582398,"y":-0.6508224606513977,"z":0.15242411196231843,"w":0.7242173552513123},"size":2.3928513526916506,"orthographic":false}